"country","average_payment","sd_payment"
"Turkey","4.2692022792022792","2.3800589288251887"
"Tonga","4.0525000000000000","1.8062391868188443"
"Turkmenistan","4.8746153846153846","2.2149839381254768"
"Tunisia","3.3536363636363636","2.4012983501084921"
"Tanzania","4.1310256410256410","2.4427170255407127"
"Taiwan","3.9831034482758621","2.2778510838497939"
"Thailand","4.3595652173913043","2.2269946796955443"
"Tuvalu","4.2627272727272727","1.9317354196684730"
